loan_yy;loan_mm;loan_dd;amount;duration;birth_yy;birth_mm;birth_dd;gender;district_id;inhabitants;cities;ratio_urban;avg_salary;unemploy_95;unemploy_96;dif_unemp;entrep;crimes_95;crimes_96;dif_crimes;response
94;1;5;80952;24;45;2;4;1;1;1204953;1;1000;12541;0.29;0.43;0.14;167;85677;99107;13430;1
96;4;29;30276;12;39;4;23;0;21;103347;7;670;9104;1.51;2.07;0.56;123;2299;2354;55;0
97;12;8;30276;12;62;2;9;1;68;228848;6;572;9893;4.09;4.72;0.63;96;5623;5887;264;1
98;10;14;318480;60;52;8;26;1;20;70646;4;584;8547;2.65;3.64;0.99;120;1563;1542;-21;0
98;4;19;110736;48;40;1;30;0;19;51428;4;527;8402;3.13;3.98;0.85;120;999;1099;100;1
96;5;2;165960;24;44;6;13;0;16;93931;8;569;8427;1.12;1.54;0.42;107;1874;1913;39;1
97;8;10;102876;12;42;1;28;1;74;323870;1;1000;10673;4.75;5.44;0.69;100;18782;18347;-435;1
97;12;6;265320;36;67;9;21;1;44;105606;7;530;8254;2.79;3.76;0.97;97;2166;2325;159;0
98;12;5;352704;48;50;12;27;0;21;103347;7;670;9104;1.51;2.07;0.56;123;2299;2354;55;1
97;9;8;162576;36;53;1;26;1;36;159617;9;852;9198;3.33;4.28;0.95;131;5796;6132;336;1
96;11;6;88440;12;45;7;3;0;40;128118;8;853;9317;6.49;7.07;0.58;97;6949;6872;-77;1
94;5;31;104808;12;39;11;30;1;66;125832;5;483;8512;3.51;4.12;0.61;102;2247;2103;-144;1
97;4;10;27456;12;67;9;24;1;71;161227;10;697;8678;5.93;5.57;-0.36;102;4980;4595;-385;1
98;7;12;109344;12;44;10;25;0;70;285387;7;899;10177;6.63;7.75;1.12;81;9878;10108;230;1
98;12;2;160920;36;71;10;19;1;38;85852;4;598;8965;7.08;8.23;1.15;104;2653;2822;169;1
94;11;3;123696;48;40;8;27;1;56;124605;8;460;8772;4.69;4.98;0.29;126;2854;3158;304;1
98;5;30;112752;36;56;1;5;0;71;161227;10;697;8678;5.93;5.57;-0.36;102;4980;4595;-385;1
98;11;25;91248;48;73;1;8;0;14;177686;9;748;10045;1.42;1.71;0.29;135;6604;6295;-309;1
97;5;3;66840;24;39;5;17;0;15;58796;5;519;9045;3.13;3.60;0.47;124;1845;1879;34;1
97;7;11;369000;60;74;6;30;0;47;162580;6;728;9538;1.51;1.81;0.30;111;6079;5410;-669;1
98;7;12;331584;48;73;5;26;0;42;95907;7;591;8388;2.41;2.94;0.53;87;1658;1668;10;1
97;12;25;468060;60;47;10;19;0;46;112709;10;735;8369;1.79;2.31;0.52;117;2854;2618;-236;1
94;12;21;100980;60;65;7;31;1;54;387570;1;1000;9897;1.60;1.96;0.36;140;18721;18696;-25;1
95;5;1;187224;24;47;10;8;1;1;1204953;1;1000;12541;0.29;0.43;0.14;167;85677;99107;13430;0
98;9;9;42816;12;37;6;1;1;72;226122;4;626;8994;3.80;4.79;0.99;110;9672;9208;-464;1
97;10;11;230400;60;61;7;24;1;68;228848;6;572;9893;4.09;4.72;0.63;96;5623;5887;264;1
94;7;19;252060;60;65;8;3;0;60;110643;4;519;8441;3.45;4.48;1.03;115;1879;2252;373;0
98;3;13;84288;48;57;9;27;0;29;45714;6;556;8843;2.82;3.60;0.78;113;818;888;70;1
97;7;10;357840;48;41;5;19;0;54;387570;1;1000;9897;1.60;1.96;0.36;140;18721;18696;-25;0
97;4;28;196800;24;60;7;19;0;8;112065;8;694;11277;1.25;1.44;0.19;127;5179;4987;-192;0
96;10;24;262980;60;66;3;9;0;13;53921;2;413;8598;2.77;3.26;0.49;123;1597;1875;278;1
97;7;16;210384;48;56;3;22;0;70;285387;7;899;10177;6.63;7.75;1.12;81;9878;10108;230;1
96;8;22;91152;24;42;12;10;1;32;105058;10;810;9272;2.80;3.22;0.42;118;4340;4505;165;1
97;11;28;12540;12;40;2;12;0;27;67298;7;438;8561;0.65;1.29;0.64;110;1029;1127;98;1
97;4;1;102240;60;45;9;24;0;58;109164;4;636;8757;3.38;3.95;0.57;96;2212;2471;259;1
97;8;20;76944;12;56;9;13;0;1;1204953;1;1000;12541;0.29;0.43;0.14;167;85677;99107;13430;1
98;2;12;156096;36;52;8;3;1;21;103347;7;670;9104;1.51;2.07;0.56;123;2299;2354;55;1
95;11;23;73056;48;70;12;18;1;39;119895;4;899;10446;7.34;9.40;2.06;90;4947;4743;-204;1
94;7;24;208128;48;51;8;6;1;54;387570;1;1000;9897;1.60;1.96;0.36;140;18721;18696;-25;0
96;4;11;215616;48;57;2;17;1;69;42821;3;484;8173;7;7.01;0.00;124;1358;1358;0;0
94;5;11;24312;12;55;11;19;0;16;93931;8;569;8427;1.12;1.54;0.42;107;1874;1913;39;1
95;1;8;48624;24;61;9;30;1;40;128118;8;853;9317;6.49;7.07;0.58;97;6949;6872;-77;1
95;2;17;538500;60;60;6;28;1;5;95616;6;514;9307;3.85;4.43;0.58;118;2616;3040;424;1
97;2;2;53076;12;48;5;21;1;19;51428;4;527;8402;3.13;3.98;0.85;120;999;1099;100;1
96;7;28;187104;24;77;5;10;0;72;226122;4;626;8994;3.80;4.79;0.99;110;9672;9208;-464;1
95;5;30;87216;48;54;3;16;0;1;1204953;1;1000;12541;0.29;0.43;0.14;167;85677;99107;13430;1
98;2;24;178500;60;71;8;26;0;73;182027;7;564;8746;3.33;3.74;0.41;90;4355;4433;78;1
95;9;16;309552;48;35;1;29;1;72;226122;4;626;8994;3.80;4.79;0.99;110;9672;9208;-464;1
98;5;21;22260;60;40;11;26;0;70;285387;7;899;10177;6.63;7.75;1.12;81;9878;10108;230;1
96;5;29;284280;60;58;9;15;0;37;114006;9;623;9065;4.46;5.39;0.93;123;4147;4166;19;1
95;5;24;189060;60;58;12;30;0;4;149893;6;674;9753;4.64;5.05;0.41;109;5244;5892;648;1
98;7;1;108720;60;66;10;2;0;6;77963;4;515;8546;2.95;4.02;1.07;126;2640;3120;480;1
98;4;11;188532;36;75;9;1;0;70;285387;7;899;10177;6.63;7.75;1.12;81;9878;10108;230;1
95;12;18;204000;60;44;5;6;1;45;77917;5;535;8390;2.28;2.89;0.61;132;2080;2122;42;1
94;10;28;98184;24;45;6;12;0;65;114200;4;437;8403;5.74;5.72;-0.02;105;2157;2718;561;1
98;9;24;253200;60;36;11;27;1;52;139012;10;619;8363;2.52;3.49;0.97;108;2564;2799;235;1
94;1;20;253200;60;50;3;13;0;52;139012;10;619;8363;2.52;3.49;0.97;108;2564;2799;235;1
98;4;16;50976;36;79;10;27;1;45;77917;5;535;8390;2.28;2.89;0.61;132;2080;2122;42;1
97;6;13;385104;48;56;12;18;0;54;387570;1;1000;9897;1.60;1.96;0.36;140;18721;18696;-25;1
94;11;12;192552;24;63;12;31;0;20;70646;4;584;8547;2.65;3.64;0.99;120;1563;1542;-21;0
94;2;7;149040;48;68;12;20;0;11;75637;7;365;9622;0.45;0.59;0.14;154;3475;3529;54;1
97;9;7;128544;24;51;11;29;0;74;323870;1;1000;10673;4.75;5.44;0.69;100;18782;18347;-435;1
97;2;28;35904;48;46;1;22;1;68;228848;6;572;9893;4.09;4.72;0.63;96;5623;5887;264;1
95;3;16;99696;48;71;6;25;0;65;114200;4;437;8403;5.74;5.72;-0.02;105;2157;2718;561;0
96;11;25;182640;48;42;4;19;0;62;145688;5;407;8544;1.29;1.86;0.57;109;2719;2906;187;1
97;4;1;148140;36;62;3;6;0;13;53921;2;413;8598;2.77;3.26;0.49;123;1597;1875;278;1
95;5;29;71064;36;46;10;17;0;38;85852;4;598;8965;7.08;8.23;1.15;104;2653;2822;169;1
97;7;1;74772;36;60;12;22;1;55;157042;9;339;8743;1.88;2.43;0.55;111;3659;3894;235;1
98;12;5;52512;12;44;12;15;1;55;157042;9;339;8743;1.88;2.43;0.55;111;3659;3894;235;1
98;10;11;185544;36;39;9;29;1;56;124605;8;460;8772;4.69;4.98;0.29;126;2854;3158;304;1
97;9;6;23520;12;41;11;11;1;53;107911;7;509;8240;2.53;3.56;1.03;99;1850;1903;53;1
97;9;15;389136;48;67;9;7;1;53;107911;7;509;8240;2.53;3.56;1.03;99;1850;1903;53;1
95;8;29;45336;24;57;4;29;1;19;51428;4;527;8402;3.13;3.98;0.85;120;999;1099;100;1
98;9;2;125472;24;40;11;25;1;34;125236;5;877;9675;6.43;7.68;1.25;100;5323;5190;-133;1
98;1;17;125472;24;46;7;1;0;19;51428;4;527;8402;3.13;3.98;0.85;120;999;1099;100;1
97;6;3;100080;48;65;8;18;0;65;114200;4;437;8403;5.74;5.72;-0.02;105;2157;2718;561;1
98;1;19;123300;36;45;3;17;0;41;118650;3;856;9832;3.32;4.48;1.16;114;6445;5471;-974;1
98;10;7;165780;60;51;7;24;1;62;145688;5;407;8544;1.29;1.86;0.57;109;2719;2906;187;1
94;11;19;164052;36;75;9;12;0;31;51313;4;592;8930;3.52;4.20;0.68;108;1328;1452;124;0
97;7;21;191088;48;62;9;5;1;50;102609;6;520;8187;4.83;5.45;0.62;94;2123;2134;11;1
97;11;27;194256;24;68;4;15;1;69;42821;3;484;8173;7;7.01;0.00;124;1358;1358;0;1
96;8;24;388512;48;69;3;13;0;69;42821;3;484;8173;7;7.01;0.00;124;1358;1358;0;0
94;2;6;78936;12;57;1;22;0;31;51313;4;592;8930;3.52;4.20;0.68;108;1328;1452;124;1
98;1;26;64224;24;37;12;13;1;6;77963;4;515;8546;2.95;4.02;1.07;126;2640;3120;480;1
98;10;29;189792;48;40;6;7;1;47;162580;6;728;9538;1.51;1.81;0.30;111;6079;5410;-669;1
96;7;6;141948;36;50;9;26;0;68;228848;6;572;9893;4.09;4.72;0.63;96;5623;5887;264;1
98;8;20;172272;24;43;3;12;1;71;161227;10;697;8678;5.93;5.57;-0.36;102;4980;4595;-385;1
95;4;28;248148;36;40;7;24;0;28;72541;8;369;8594;1.62;2.01;0.39;112;1580;1525;-55;1
96;6;15;30060;60;51;9;6;1;28;72541;8;369;8594;1.62;2.01;0.39;112;1580;1525;-55;1
96;3;13;202788;36;53;7;20;0;31;51313;4;592;8930;3.52;4.20;0.68;108;1328;1452;124;1
98;5;27;43200;24;49;5;16;0;36;159617;9;852;9198;3.33;4.28;0.95;131;5796;6132;336;1
93;7;5;96396;12;47;7;22;0;30;94812;10;818;9650;3.38;3.67;0.29;100;2985;2804;-181;0
93;7;11;165960;36;68;7;22;1;46;112709;10;735;8369;1.79;2.31;0.52;117;2854;2618;-236;1
98;9;30;385584;48;74;10;22;1;28;72541;8;369;8594;1.62;2.01;0.39;112;1580;1525;-55;1
94;6;23;239460;60;42;9;13;0;68;228848;6;572;9893;4.09;4.72;0.63;96;5623;5887;264;1
98;1;11;143676;36;52;12;12;1;55;157042;9;339;8743;1.88;2.43;0.55;111;3659;3894;235;1
93;8;3;105804;36;40;4;20;0;14;177686;9;748;10045;1.42;1.71;0.29;135;6604;6295;-309;1
96;10;16;396120;60;50;1;2;0;19;51428;4;527;8402;3.13;3.98;0.85;120;999;1099;100;1
98;1;29;37944;36;66;4;10;0;1;1204953;1;1000;12541;0.29;0.43;0.14;167;85677;99107;13430;1
98;9;10;209040;24;79;3;25;1;1;1204953;1;1000;12541;0.29;0.43;0.14;167;85677;99107;13430;1
96;7;31;162468;36;57;8;23;0;32;105058;10;810;9272;2.80;3.22;0.42;118;4340;4505;165;1
97;8;30;57360;12;57;9;19;1;6;77963;4;515;8546;2.95;4.02;1.07;126;2640;3120;480;0
97;10;8;44952;24;70;3;25;1;1;1204953;1;1000;12541;0.29;0.43;0.14;167;85677;99107;13430;1
98;12;6;55632;24;48;12;18;1;70;285387;7;899;10177;6.63;7.75;1.12;81;9878;10108;230;1
96;4;21;249312;48;55;5;21;1;26;170449;1;1000;10787;2.64;3.09;0.45;131;6041;6261;220;1
94;12;4;205200;36;63;1;25;0;1;1204953;1;1000;12541;0.29;0.43;0.14;167;85677;99107;13430;1
95;4;15;68400;12;76;6;9;0;68;228848;6;572;9893;4.09;4.72;0.63;96;5623;5887;264;0
98;7;14;290820;60;37;10;28;1;5;95616;6;514;9307;3.85;4.43;0.58;118;2616;3040;424;1
97;1;21;38520;12;39;12;6;1;42;95907;7;591;8388;2.41;2.94;0.53;87;1658;1668;10;1
98;1;25;176328;36;43;6;14;1;53;107911;7;509;8240;2.53;3.56;1.03;99;1850;1903;53;1
97;4;22;293880;60;75;1;28;0;64;197099;10;747;9624;1.60;2.31;0.71;145;4484;4265;-219;0
98;7;19;271260;60;71;1;6;1;37;114006;9;623;9065;4.46;5.39;0.93;123;4147;4166;19;1
96;10;29;86184;12;40;12;4;0;70;285387;7;899;10177;6.63;7.75;1.12;81;9878;10108;230;1
97;8;26;83628;36;77;9;23;0;54;387570;1;1000;9897;1.60;1.96;0.36;140;18721;18696;-25;1
98;10;5;44640;24;57;2;11;1;59;108871;6;621;8444;3.24;3.47;0.23;106;2595;2305;-290;1
97;9;12;214596;36;37;9;8;1;74;323870;1;1000;10673;4.75;5.44;0.69;100;18782;18347;-435;1
96;10;3;101520;12;76;10;12;0;1;1204953;1;1000;12541;0.29;0.43;0.14;167;85677;99107;13430;1
97;8;4;92400;12;74;6;20;0;70;285387;7;899;10177;6.63;7.75;1.12;81;9878;10108;230;1
97;3;17;22932;36;53;11;19;0;52;139012;10;619;8363;2.52;3.49;0.97;108;2564;2799;235;1
98;3;7;23328;12;64;10;19;0;42;95907;7;591;8388;2.41;2.94;0.53;87;1658;1668;10;1
96;9;9;71460;36;80;8;31;0;1;1204953;1;1000;12541;0.29;0.43;0.14;167;85677;99107;13430;1
96;11;28;61560;12;43;1;4;1;31;51313;4;592;8930;3.52;4.20;0.68;108;1328;1452;124;1
97;8;22;78600;24;56;5;9;1;51;121947;11;705;8541;2.51;2.97;0.46;131;3496;3839;343;1
94;10;30;170256;24;65;7;16;0;16;93931;8;569;8427;1.12;1.54;0.42;107;1874;1913;39;1
94;7;30;299088;36;66;12;10;0;67;106054;6;631;8110;5.77;6.55;0.78;109;3244;3079;-165;0
97;11;4;53472;12;40;3;26;1;9;81344;6;553;8899;3.39;3.97;0.58;149;2987;2487;-500;1
95;11;18;182040;60;51;3;24;0;19;51428;4;527;8402;3.13;3.98;0.85;120;999;1099;100;1
95;12;12;92976;24;70;10;7;0;31;51313;4;592;8930;3.52;4.20;0.68;108;1328;1452;124;1
95;3;29;185952;48;45;2;22;1;34;125236;5;877;9675;6.43;7.68;1.25;100;5323;5190;-133;1
96;9;26;139464;36;58;8;12;1;73;182027;7;564;8746;3.33;3.74;0.41;90;4355;4433;78;0
95;1;16;347952;48;64;10;30;0;29;45714;6;556;8843;2.82;3.60;0.78;113;818;888;70;1
97;2;5;415800;60;49;9;5;0;1;1204953;1;1000;12541;0.29;0.43;0.14;167;85677;99107;13430;1
97;2;24;72504;24;50;6;26;0;24;122603;8;800;8991;1.39;2.01;0.62;128;5198;5273;75;1
98;12;2;230220;36;50;1;26;1;13;53921;2;413;8598;2.77;3.26;0.49;123;1597;1875;278;1
96;7;18;20196;36;71;2;25;1;1;1204953;1;1000;12541;0.29;0.43;0.14;167;85677;99107;13430;1
98;6;1;314688;48;74;1;26;1;2;88884;5;467;8507;1.67;1.85;0.18;132;2159;2674;515;1
96;6;29;46320;24;79;2;14;1;33;133777;11;847;8705;5.75;7.61;1.86;116;4650;4859;209;1
97;8;4;48312;24;58;10;19;1;50;102609;6;520;8187;4.83;5.45;0.62;94;2123;2134;11;1
97;11;12;541200;60;46;12;18;0;70;285387;7;899;10177;6.63;7.75;1.12;81;9878;10108;230;0
95;11;4;99336;24;80;7;9;0;68;228848;6;572;9893;4.09;4.72;0.63;96;5623;5887;264;1
94;12;11;199680;60;49;5;23;1;52;139012;10;619;8363;2.52;3.49;0.97;108;2564;2799;235;1
97;5;11;159744;48;73;4;10;0;18;70699;4;653;8968;2.83;3.35;0.52;131;1740;1910;170;1
96;4;29;49440;60;66;10;6;0;70;285387;7;899;10177;6.63;7.75;1.12;81;9878;10108;230;1
95;4;1;156672;36;56;4;25;0;28;72541;8;369;8594;1.62;2.01;0.39;112;1580;1525;-55;1
98;10;6;17952;12;54;2;22;0;33;133777;11;847;8705;5.75;7.61;1.86;116;4650;4859;209;1
95;1;30;95808;12;40;9;7;1;43;161854;6;763;9425;1.72;2.50;0.78;125;4085;3891;-194;1
97;12;26;293160;60;78;1;17;0;52;139012;10;619;8363;2.52;3.49;0.97;108;2564;2799;235;1
96;4;15;200976;48;55;2;20;1;65;114200;4;437;8403;5.74;5.72;-0.02;105;2157;2718;561;1
94;1;10;24516;12;58;10;7;1;1;1204953;1;1000;12541;0.29;0.43;0.14;167;85677;99107;13430;1
96;1;12;165120;60;50;3;18;0;51;121947;11;705;8541;2.51;2.97;0.46;131;3496;3839;343;1
97;6;13;466608;48;46;3;5;0;6;77963;4;515;8546;2.95;4.02;1.07;126;2640;3120;480;1
98;2;13;428784;48;36;4;14;1;1;1204953;1;1000;12541;0.29;0.43;0.14;167;85677;99107;13430;1
96;6;13;360000;48;73;3;7;0;64;197099;10;747;9624;1.60;2.31;0.71;145;4484;4265;-219;1
96;8;2;89340;60;71;11;12;0;60;110643;4;519;8441;3.45;4.48;1.03;115;1879;2252;373;1
98;5;21;136344;24;64;5;26;0;1;1204953;1;1000;12541;0.29;0.43;0.14;167;85677;99107;13430;1
94;3;8;91632;12;62;12;28;0;52;139012;10;619;8363;2.52;3.49;0.97;108;2564;2799;235;1
98;8;30;231168;48;78;5;11;0;73;182027;7;564;8746;3.33;3.74;0.41;90;4355;4433;78;1
93;12;8;93888;36;50;10;20;0;63;86513;5;505;8288;3.79;4.52;0.73;110;1562;1460;-102;1
98;4;27;93888;36;36;7;2;1;2;88884;5;467;8507;1.67;1.85;0.18;132;2159;2674;515;1
98;11;8;69624;36;47;1;23;1;52;139012;10;619;8363;2.52;3.49;0.97;108;2564;2799;235;1
98;6;15;156420;60;57;3;8;1;52;139012;10;619;8363;2.52;3.49;0.97;108;2564;2799;235;1
97;9;30;66432;24;71;4;13;0;26;170449;1;1000;10787;2.64;3.09;0.45;131;6041;6261;220;1
97;5;4;335280;48;52;12;26;0;57;161954;8;480;8720;3.73;4.50;0.77;116;3729;3651;-78;1
94;7;5;111384;24;67;2;10;1;11;75637;7;365;9622;0.45;0.59;0.14;154;3475;3529;54;1
94;7;16;50460;60;47;10;17;0;11;75637;7;365;9622;0.45;0.59;0.14;154;3475;3529;54;1
97;5;19;268320;60;52;9;29;0;1;1204953;1;1000;12541;0.29;0.43;0.14;167;85677;99107;13430;1
98;8;29;437460;60;53;6;24;0;68;228848;6;572;9893;4.09;4.72;0.63;96;5623;5887;264;1
96;2;29;380160;60;49;12;15;1;74;323870;1;1000;10673;4.75;5.44;0.69;100;18782;18347;-435;1
94;5;17;272520;60;39;9;2;1;10;92084;5;467;10124;0.56;0.54;-0.02;141;3810;4316;506;1
98;1;20;504000;60;71;2;28;1;3;75232;5;417;8980;1.95;2.21;0.26;111;2824;2813;-11;1
94;12;21;31248;12;39;3;15;0;1;1204953;1;1000;12541;0.29;0.43;0.14;167;85677;99107;13430;1
98;4;17;41256;12;38;8;3;1;19;51428;4;527;8402;3.13;3.98;0.85;120;999;1099;100;1
97;12;6;24792;24;58;6;6;1;63;86513;5;505;8288;3.79;4.52;0.73;110;1562;1460;-102;1
98;7;8;88608;12;47;12;9;1;66;125832;5;483;8512;3.51;4.12;0.61;102;2247;2103;-144;1
96;9;14;48744;36;64;4;14;0;77;148545;4;535;8909;4.01;5.56;1.55;113;3460;3590;130;1
98;6;5;390000;48;47;12;13;1;42;95907;7;591;8388;2.41;2.94;0.53;87;1658;1668;10;1
96;12;4;155616;48;59;10;25;0;10;92084;5;467;10124;0.56;0.54;-0.02;141;3810;4316;506;1
96;4;18;277884;36;80;9;17;0;44;105606;7;530;8254;2.79;3.76;0.97;97;2166;2325;159;0
94;9;2;82896;12;72;2;6;1;49;75685;9;608;8208;1.89;2.26;0.37;155;1660;2123;463;1
95;3;21;15420;12;65;6;4;0;1;1204953;1;1000;12541;0.29;0.43;0.14;167;85677;99107;13430;1
96;8;28;253512;36;45;8;7;0;59;108871;6;621;8444;3.24;3.47;0.23;106;2595;2305;-290;0
96;2;24;123216;48;77;8;12;0;38;85852;4;598;8965;7.08;8.23;1.15;104;2653;2822;169;1
96;11;15;321180;60;36;9;7;1;14;177686;9;748;10045;1.42;1.71;0.29;135;6604;6295;-309;1
98;9;21;253560;60;51;6;20;0;39;119895;4;899;10446;7.34;9.40;2.06;90;4947;4743;-204;1
98;5;15;130896;24;54;6;15;0;38;85852;4;598;8965;7.08;8.23;1.15;104;2653;2822;169;1
98;6;16;30012;12;53;11;26;1;48;78955;9;590;9060;1.78;2.44;0.66;124;1655;1717;62;1
95;1;3;177744;48;72;3;13;1;59;108871;6;621;8444;3.24;3.47;0.23;106;2595;2305;-290;0
96;12;15;222180;60;39;3;20;1;29;45714;6;556;8843;2.82;3.60;0.78;113;818;888;70;0
97;5;1;39024;12;36;12;23;1;64;197099;10;747;9624;1.60;2.31;0.71;145;4484;4265;-219;1
96;10;4;77184;36;54;12;9;0;1;1204953;1;1000;12541;0.29;0.43;0.14;167;85677;99107;13430;1
97;8;27;68124;12;57;11;1;1;74;323870;1;1000;10673;4.75;5.44;0.69;100;18782;18347;-435;1
97;9;21;94512;12;52;11;28;1;74;323870;1;1000;10673;4.75;5.44;0.69;100;18782;18347;-435;0
98;11;27;276084;36;64;3;13;0;1;1204953;1;1000;12541;0.29;0.43;0.14;167;85677;99107;13430;1
97;12;8;19248;12;64;10;16;1;3;75232;5;417;8980;1.95;2.21;0.26;111;2824;2813;-11;1
97;2;9;146064;24;53;6;1;0;74;323870;1;1000;10673;4.75;5.44;0.69;100;18782;18347;-435;1
94;7;5;4980;12;52;7;26;0;63;86513;5;505;8288;3.79;4.52;0.73;110;1562;1460;-102;1
98;3;11;40632;12;45;5;3;0;12;107870;6;580;8754;3.83;4.31;0.48;137;3804;3868;64;1
98;6;27;71820;36;64;2;9;1;63;86513;5;505;8288;3.79;4.52;0.73;110;1562;1460;-102;1
97;6;10;207264;48;62;10;15;1;42;95907;7;591;8388;2.41;2.94;0.53;87;1658;1668;10;1
97;10;20;68664;24;80;2;19;0;58;109164;4;636;8757;3.38;3.95;0.57;96;2212;2471;259;1
97;3;7;67464;12;35;12;25;1;34;125236;5;877;9675;6.43;7.68;1.25;100;5323;5190;-133;1
98;5;29;140688;48;41;6;23;1;16;93931;8;569;8427;1.12;1.54;0.42;107;1874;1913;39;1
95;8;1;44088;24;51;6;25;0;9;81344;6;553;8899;3.39;3.97;0.58;149;2987;2487;-500;1
98;9;22;174840;60;51;5;7;0;58;109164;4;636;8757;3.38;3.95;0.57;96;2212;2471;259;1
98;5;24;174960;24;77;9;15;0;50;102609;6;520;8187;4.83;5.45;0.62;94;2123;2134;11;1
96;5;24;161496;36;71;7;24;1;72;226122;4;626;8994;3.80;4.79;0.99;110;9672;9208;-464;1
95;5;30;158760;60;78;1;31;1;48;78955;9;590;9060;1.78;2.44;0.66;124;1655;1717;62;1
97;9;1;14028;12;45;12;27;0;53;107911;7;509;8240;2.53;3.56;1.03;99;1850;1903;53;1
97;9;20;271584;48;76;4;24;1;1;1204953;1;1000;12541;0.29;0.43;0.14;167;85677;99107;13430;1
94;9;10;23628;12;54;3;9;1;38;85852;4;598;8965;7.08;8.23;1.15;104;2653;2822;169;1
95;2;5;316140;60;68;2;22;1;1;1204953;1;1000;12541;0.29;0.43;0.14;167;85677;99107;13430;0
96;7;23;444864;48;64;3;29;1;64;197099;10;747;9624;1.60;2.31;0.71;145;4484;4265;-219;1
97;11;5;460980;60;64;12;9;0;3;75232;5;417;8980;1.95;2.21;0.26;111;2824;2813;-11;0
95;1;2;76380;12;57;6;28;0;1;1204953;1;1000;12541;0.29;0.43;0.14;167;85677;99107;13430;1
95;4;2;18564;12;63;2;4;0;1;1204953;1;1000;12541;0.29;0.43;0.14;167;85677;99107;13430;1
96;11;3;68544;24;76;9;16;1;37;114006;9;623;9065;4.46;5.39;0.93;123;4147;4166;19;1
96;2;8;63252;12;49;6;24;0;7;94725;6;634;9920;2.26;2.87;0.61;130;4289;4846;557;1
94;9;28;23052;12;40;11;1;0;54;387570;1;1000;9897;1.60;1.96;0.36;140;18721;18696;-25;1
97;5;2;307200;60;62;2;26;1;53;107911;7;509;8240;2.53;3.56;1.03;99;1850;1903;53;0
98;9;18;74916;36;42;9;16;1;1;1204953;1;1000;12541;0.29;0.43;0.14;167;85677;99107;13430;1
98;2;10;153936;24;49;8;28;1;44;105606;7;530;8254;2.79;3.76;0.97;97;2166;2325;159;1
98;3;8;334620;60;61;5;9;0;52;139012;10;619;8363;2.52;3.49;0.97;108;2564;2799;235;1
98;3;16;133848;24;60;6;6;0;37;114006;9;623;9065;4.46;5.39;0.93;123;4147;4166;19;1
98;7;12;96984;36;72;1;28;1;8;112065;8;694;11277;1.25;1.44;0.19;127;5179;4987;-192;1
97;10;14;107352;36;39;12;28;0;27;67298;7;438;8561;0.65;1.29;0.64;110;1029;1127;98;1
98;1;4;63576;12;60;4;3;0;1;1204953;1;1000;12541;0.29;0.43;0.14;167;85677;99107;13430;1
97;3;29;84600;36;38;8;16;1;54;387570;1;1000;9897;1.60;1.96;0.36;140;18721;18696;-25;0
97;3;20;84288;48;77;11;1;0;57;161954;8;480;8720;3.73;4.50;0.77;116;3729;3651;-78;1
97;12;28;106128;36;78;12;21;1;36;159617;9;852;9198;3.33;4.28;0.95;131;5796;6132;336;1
95;4;5;158976;48;39;1;9;1;52;139012;10;619;8363;2.52;3.49;0.97;108;2564;2799;235;1
95;11;28;137904;24;68;5;6;1;11;75637;7;365;9622;0.45;0.59;0.14;154;3475;3529;54;0
97;7;31;41856;48;60;11;9;0;54;387570;1;1000;9897;1.60;1.96;0.36;140;18721;18696;-25;1
98;6;3;151200;36;46;10;10;1;6;77963;4;515;8546;2.95;4.02;1.07;126;2640;3120;480;1
97;8;15;100800;24;38;5;26;1;50;102609;6;520;8187;4.83;5.45;0.62;94;2123;2134;11;0
98;6;21;212976;36;73;6;27;0;1;1204953;1;1000;12541;0.29;0.43;0.14;167;85677;99107;13430;1
97;8;28;405780;60;51;1;19;1;62;145688;5;407;8544;1.29;1.86;0.57;109;2719;2906;187;1
94;8;27;79632;24;59;8;10;0;66;125832;5;483;8512;3.51;4.12;0.61;102;2247;2103;-144;1
94;6;29;244560;60;67;7;19;0;58;109164;4;636;8757;3.38;3.95;0.57;96;2212;2471;259;1
98;11;4;41988;12;73;3;9;1;77;148545;4;535;8909;4.01;5.56;1.55;113;3460;3590;130;1
97;5;22;164196;36;56;9;23;0;64;197099;10;747;9624;1.60;2.31;0.71;145;4484;4265;-219;1
97;8;9;51360;12;45;9;8;0;61;117897;6;538;8814;4.76;5.74;0.98;107;2112;2059;-53;0
94;12;8;51408;24;49;7;24;1;29;45714;6;556;8843;2.82;3.60;0.78;113;818;888;70;1
97;12;9;100128;24;48;4;6;0;74;323870;1;1000;10673;4.75;5.44;0.69;100;18782;18347;-435;1
98;10;30;327660;60;42;3;18;0;38;85852;4;598;8965;7.08;8.23;1.15;104;2653;2822;169;1
97;3;29;90156;12;46;10;7;0;69;42821;3;484;8173;7;7.01;0.00;124;1358;1358;0;1
95;2;8;221280;48;68;3;28;1;74;323870;1;1000;10673;4.75;5.44;0.69;100;18782;18347;-435;1
95;2;23;97224;24;51;4;7;0;17;74062;7;614;8114;2.38;2.62;0.24;119;1003;1181;178;1
97;4;1;74040;12;56;3;13;0;73;182027;7;564;8746;3.33;3.74;0.41;90;4355;4433;78;1
95;10;31;73836;36;67;5;29;0;39;119895;4;899;10446;7.34;9.40;2.06;90;4947;4743;-204;1
94;9;26;87816;12;61;5;2;1;1;1204953;1;1000;12541;0.29;0.43;0.14;167;85677;99107;13430;1
96;10;31;192744;36;64;3;14;1;62;145688;5;407;8544;1.29;1.86;0.57;109;2719;2906;187;1
94;10;3;192744;36;71;9;20;0;60;110643;4;519;8441;3.45;4.48;1.03;115;1879;2252;373;1
98;2;9;321240;60;70;1;23;1;14;177686;9;748;10045;1.42;1.71;0.29;135;6604;6295;-309;1
96;5;14;66480;24;35;7;21;1;73;182027;7;564;8746;3.33;3.74;0.41;90;4355;4433;78;0
98;8;3;86184;36;68;8;31;1;17;74062;7;614;8114;2.38;2.62;0.24;119;1003;1181;178;1
97;1;3;93960;60;62;6;1;1;45;77917;5;535;8390;2.28;2.89;0.61;132;2080;2122;42;1
96;9;25;15192;24;72;12;27;0;24;122603;8;800;8991;1.39;2.01;0.62;128;5198;5273;75;1
96;1;1;135360;48;75;9;24;1;50;102609;6;520;8187;4.83;5.45;0.62;94;2123;2134;11;1
98;5;5;81144;36;44;5;27;0;68;228848;6;572;9893;4.09;4.72;0.63;96;5623;5887;264;1
98;1;3;61320;60;47;9;17;0;56;124605;8;460;8772;4.69;4.98;0.29;126;2854;3158;304;1
94;6;4;300204;36;64;3;13;1;57;161954;8;480;8720;3.73;4.50;0.77;116;3729;3651;-78;1
95;8;5;20220;12;73;5;15;0;9;81344;6;553;8899;3.39;3.97;0.58;149;2987;2487;-500;1
96;10;10;64656;48;47;3;19;1;27;67298;7;438;8561;0.65;1.29;0.64;110;1029;1127;98;1
98;1;12;66696;24;76;1;1;1;1;1204953;1;1000;12541;0.29;0.43;0.14;167;85677;99107;13430;1
97;3;17;66696;24;66;12;22;0;3;75232;5;417;8980;1.95;2.21;0.26;111;2824;2813;-11;0
97;6;18;33348;12;70;9;12;0;9;81344;6;553;8899;3.39;3.97;0.58;149;2987;2487;-500;1
97;12;13;87528;24;51;2;16;1;77;148545;4;535;8909;4.01;5.56;1.55;113;3460;3590;130;1
96;8;25;402000;60;80;8;6;1;4;149893;6;674;9753;4.64;5.05;0.41;109;5244;5892;648;1
97;5;28;106944;24;53;3;22;0;63;86513;5;505;8288;3.79;4.52;0.73;110;1562;1460;-102;1
97;3;15;162624;48;57;11;4;0;70;285387;7;899;10177;6.63;7.75;1.12;81;9878;10108;230;1
97;3;14;97176;24;55;3;2;0;8;112065;8;694;11277;1.25;1.44;0.19;127;5179;4987;-192;1
97;11;4;168264;36;50;10;8;1;73;182027;7;564;8746;3.33;3.74;0.41;90;4355;4433;78;1
95;8;11;107640;24;59;11;22;0;2;88884;5;467;8507;1.67;1.85;0.18;132;2159;2674;515;1
97;9;7;204780;60;53;2;24;1;54;387570;1;1000;9897;1.60;1.96;0.36;140;18721;18696;-25;1
95;7;9;465072;48;48;5;8;1;66;125832;5;483;8512;3.51;4.12;0.61;102;2247;2103;-144;1
97;11;24;219456;48;60;1;15;0;46;112709;10;735;8369;1.79;2.31;0.52;117;2854;2618;-236;1
97;12;27;465504;48;62;5;4;1;72;226122;4;626;8994;3.80;4.79;0.99;110;9672;9208;-464;0
97;2;25;59136;48;79;12;10;0;26;170449;1;1000;10787;2.64;3.09;0.45;131;6041;6261;220;1
95;8;18;21396;12;68;9;9;1;15;58796;5;519;9045;3.13;3.60;0.47;124;1845;1879;34;1
96;8;22;141648;24;52;7;17;1;52;139012;10;619;8363;2.52;3.49;0.97;108;2564;2799;235;1
96;3;4;213300;36;64;4;22;1;47;162580;6;728;9538;1.51;1.81;0.30;111;6079;5410;-669;1
98;7;27;335184;48;78;4;3;0;67;106054;6;631;8110;5.77;6.55;0.78;109;3244;3079;-165;0
97;3;18;76080;12;79;4;6;0;5;95616;6;514;9307;3.85;4.43;0.58;118;2616;3040;424;1
93;11;4;117024;24;35;10;3;1;14;177686;9;748;10045;1.42;1.71;0.29;135;6604;6295;-309;1
96;1;3;98832;48;70;9;10;0;42;95907;7;591;8388;2.41;2.94;0.53;87;1658;1668;10;1
94;7;23;143904;24;51;4;10;1;50;102609;6;520;8187;4.83;5.45;0.62;94;2123;2134;11;1
96;11;15;359760;60;79;5;31;1;43;161854;6;763;9425;1.72;2.50;0.78;125;4085;3891;-194;1
97;8;30;289920;48;44;1;27;0;33;133777;11;847;8705;5.75;7.61;1.86;116;4650;4859;209;1
97;3;6;150180;60;37;5;1;1;60;110643;4;519;8441;3.45;4.48;1.03;115;1879;2252;373;1
96;11;28;179328;48;73;11;21;1;54;387570;1;1000;9897;1.60;1.96;0.36;140;18721;18696;-25;1
96;8;3;258444;36;66;5;27;1;1;1204953;1;1000;12541;0.29;0.43;0.14;167;85677;99107;13430;1
96;2;3;128988;36;39;8;15;1;20;70646;4;584;8547;2.65;3.64;0.99;120;1563;1542;-21;0
97;5;18;165168;36;58;7;3;0;1;1204953;1;1000;12541;0.29;0.43;0.14;167;85677;99107;13430;1
96;11;9;110112;24;63;10;12;1;53;107911;7;509;8240;2.53;3.56;1.03;99;1850;1903;53;1
96;7;25;11400;12;80;4;30;0;54;387570;1;1000;9897;1.60;1.96;0.36;140;18721;18696;-25;1
96;2;10;61656;24;53;12;25;0;13;53921;2;413;8598;2.77;3.26;0.49;123;1597;1875;278;0
97;2;9;317520;60;68;2;16;0;6;77963;4;515;8546;2.95;4.02;1.07;126;2640;3120;480;1
97;5;4;53232;48;64;5;17;1;72;226122;4;626;8994;3.80;4.79;0.99;110;9672;9208;-464;1
94;8;10;323472;48;40;10;15;0;1;1204953;1;1000;12541;0.29;0.43;0.14;167;85677;99107;13430;1
96;1;11;20352;48;48;3;5;0;58;109164;4;636;8757;3.38;3.95;0.57;96;2212;2471;259;1
98;1;27;57060;12;43;3;9;1;68;228848;6;572;9893;4.09;4.72;0.63;96;5623;5887;264;1
98;3;23;22356;36;40;4;4;1;5;95616;6;514;9307;3.85;4.43;0.58;118;2616;3040;424;1
98;7;16;58764;12;46;1;1;0;54;387570;1;1000;9897;1.60;1.96;0.36;140;18721;18696;-25;1
97;4;28;399120;60;42;8;20;0;75;138032;5;646;8819;5.38;5.66;0.28;99;4063;4505;442;1
97;12;28;79824;12;56;12;30;1;13;53921;2;413;8598;2.77;3.26;0.49;123;1597;1875;278;1
96;4;25;320976;48;36;8;9;1;1;1204953;1;1000;12541;0.29;0.43;0.14;167;85677;99107;13430;0
94;8;4;14628;12;49;3;8;0;55;157042;9;339;8743;1.88;2.43;0.55;111;3659;3894;235;1
94;7;11;173808;24;57;1;27;0;77;148545;4;535;8909;4.01;5.56;1.55;113;3460;3590;130;1
94;5;10;193968;36;72;12;3;1;72;226122;4;626;8994;3.80;4.79;0.99;110;9672;9208;-464;1
96;11;12;276300;60;76;7;6;1;64;197099;10;747;9624;1.60;2.31;0.71;145;4484;4265;-219;1
97;11;26;129312;24;73;10;20;0;4;149893;6;674;9753;4.64;5.05;0.41;109;5244;5892;648;0
97;2;2;117420;60;66;2;21;1;49;75685;9;608;8208;1.89;2.26;0.37;155;1660;2123;463;1
93;11;22;79608;24;70;4;28;1;44;105606;7;530;8254;2.79;3.76;0.97;97;2166;2325;159;1
98;9;9;170832;48;70;1;7;1;15;58796;5;519;9045;3.13;3.60;0.47;124;1845;1879;34;1
98;3;31;240528;48;56;6;29;1;47;162580;6;728;9538;1.51;1.81;0.30;111;6079;5410;-669;1
94;2;27;300660;60;50;1;7;1;40;128118;8;853;9317;6.49;7.07;0.58;97;6949;6872;-77;1
97;3;7;90180;36;60;9;23;1;28;72541;8;369;8594;1.62;2.01;0.39;112;1580;1525;-55;1
97;1;24;68340;60;53;3;16;1;4;149893;6;674;9753;4.64;5.05;0.41;109;5244;5892;648;1
97;8;21;202848;48;40;9;30;0;76;127369;7;512;8369;4.73;5.88;1.15;107;3736;2807;-929;1
94;4;7;149340;60;63;2;1;1;44;105606;7;530;8254;2.79;3.76;0.97;97;2166;2325;159;1
97;9;5;158184;36;53;8;7;1;47;162580;6;728;9538;1.51;1.81;0.30;111;6079;5410;-669;1
96;6;3;368880;60;74;8;4;1;66;125832;5;483;8512;3.51;4.12;0.61;102;2247;2103;-144;1
93;9;24;174744;24;48;8;12;0;24;122603;8;800;8991;1.39;2.01;0.62;128;5198;5273;75;0
94;6;17;174744;24;78;11;21;0;5;95616;6;514;9307;3.85;4.43;0.58;118;2616;3040;424;0
97;10;1;78696;36;71;3;24;0;72;226122;4;626;8994;3.80;4.79;0.99;110;9672;9208;-464;1
97;10;4;349392;48;54;6;3;1;57;161954;8;480;8720;3.73;4.50;0.77;116;3729;3651;-78;1
94;9;11;209184;48;53;6;18;1;1;1204953;1;1000;12541;0.29;0.43;0.14;167;85677;99107;13430;1
96;7;18;32640;48;42;10;15;1;43;161854;6;763;9425;1.72;2.50;0.78;125;4085;3891;-194;1
98;4;19;140880;60;57;12;27;1;15;58796;5;519;9045;3.13;3.60;0.47;124;1845;1879;34;1
96;4;10;44628;12;43;11;26;1;13;53921;2;413;8598;2.77;3.26;0.49;123;1597;1875;278;1
97;1;21;221880;60;43;9;29;0;9;81344;6;553;8899;3.39;3.97;0.58;149;2987;2487;-500;1
96;8;9;44376;12;62;5;23;1;15;58796;5;519;9045;3.13;3.60;0.47;124;1845;1879;34;1
97;12;28;177504;48;44;4;12;1;19;51428;4;527;8402;3.13;3.98;0.85;120;999;1099;100;1
94;11;2;83016;12;79;3;26;1;57;161954;8;480;8720;3.73;4.50;0.77;116;3729;3651;-78;1
95;4;25;225420;60;48;8;3;0;61;117897;6;538;8814;4.76;5.74;0.98;107;2112;2059;-53;1
95;7;25;285600;60;80;12;7;0;5;95616;6;514;9307;3.85;4.43;0.58;118;2616;3040;424;1
95;7;10;98592;24;63;12;24;0;10;92084;5;467;10124;0.56;0.54;-0.02;141;3810;4316;506;1
98;11;21;99216;36;51;3;22;0;1;1204953;1;1000;12541;0.29;0.43;0.14;167;85677;99107;13430;1
95;3;16;103680;60;71;6;24;1;42;95907;7;591;8388;2.41;2.94;0.53;87;1658;1668;10;0
97;1;8;232560;48;39;4;27;0;14;177686;9;748;10045;1.42;1.71;0.29;135;6604;6295;-309;1
96;2;21;290700;60;59;2;27;0;52;139012;10;619;8363;2.52;3.49;0.97;108;2564;2799;235;0
95;12;16;232560;48;70;1;29;0;74;323870;1;1000;10673;4.75;5.44;0.69;100;18782;18347;-435;1
95;11;28;31176;24;68;1;29;1;1;1204953;1;1000;12541;0.29;0.43;0.14;167;85677;99107;13430;1
96;5;6;123600;60;67;6;30;1;70;285387;7;899;10177;6.63;7.75;1.12;81;9878;10108;230;1
97;9;14;177804;36;71;7;7;0;5;95616;6;514;9307;3.85;4.43;0.58;118;2616;3040;424;1
94;4;18;65184;12;57;9;29;1;3;75232;5;417;8980;1.95;2.21;0.26;111;2824;2813;-11;1
98;6;23;184620;60;63;9;16;0;45;77917;5;535;8390;2.28;2.89;0.61;132;2080;2122;42;1
94;6;6;87216;48;64;5;13;1;15;58796;5;519;9045;3.13;3.60;0.47;124;1845;1879;34;0
98;6;18;78720;48;44;6;1;0;27;67298;7;438;8561;0.65;1.29;0.64;110;1029;1127;98;1
94;9;30;141240;24;62;9;11;1;50;102609;6;520;8187;4.83;5.45;0.62;94;2123;2134;11;1
94;11;3;61056;48;57;9;6;0;57;161954;8;480;8720;3.73;4.50;0.77;116;3729;3651;-78;1
95;3;4;28248;24;70;2;10;0;47;162580;6;728;9538;1.51;1.81;0.30;111;6079;5410;-669;1
93;12;1;464520;60;40;12;2;0;77;148545;4;535;8909;4.01;5.56;1.55;113;3460;3590;130;0
94;10;2;11736;24;38;9;16;1;1;1204953;1;1000;12541;0.29;0.43;0.14;167;85677;99107;13430;1
94;7;8;276660;36;49;5;18;1;56;124605;8;460;8772;4.69;4.98;0.29;126;2854;3158;304;0
98;5;28;5148;12;63;3;18;0;1;1204953;1;1000;12541;0.29;0.43;0.14;167;85677;99107;13430;1
98;4;19;321360;60;75;1;24;1;24;122603;8;800;8991;1.39;2.01;0.62;128;5198;5273;75;1
98;1;6;407952;48;74;2;28;0;19;51428;4;527;8402;3.13;3.98;0.85;120;999;1099;100;0
97;9;28;360864;48;77;10;26;0;6;77963;4;515;8546;2.95;4.02;1.07;126;2640;3120;480;0
97;10;22;26208;36;73;4;12;0;29;45714;6;556;8843;2.82;3.60;0.78;113;818;888;70;1
95;1;8;270648;36;37;11;4;1;1;1204953;1;1000;12541;0.29;0.43;0.14;167;85677;99107;13430;0
97;7;30;67608;24;63;1;25;0;54;387570;1;1000;9897;1.60;1.96;0.36;140;18721;18696;-25;1
94;11;4;59760;24;58;11;26;1;74;323870;1;1000;10673;4.75;5.44;0.69;100;18782;18347;-435;1
97;12;28;247920;48;42;4;4;0;34;125236;5;877;9675;6.43;7.68;1.25;100;5323;5190;-133;1
97;2;8;247920;48;57;4;16;0;67;106054;6;631;8110;5.77;6.55;0.78;109;3244;3079;-165;0
94;12;20;398640;60;60;2;9;0;74;323870;1;1000;10673;4.75;5.44;0.69;100;18782;18347;-435;1
97;6;10;87360;24;37;3;15;1;5;95616;6;514;9307;3.85;4.43;0.58;118;2616;3040;424;1
94;6;7;87360;24;62;7;10;1;38;85852;4;598;8965;7.08;8.23;1.15;104;2653;2822;169;1
96;8;11;85632;48;49;4;7;0;64;197099;10;747;9624;1.60;2.31;0.71;145;4484;4265;-219;1
95;2;12;79920;60;53;4;5;1;26;170449;1;1000;10787;2.64;3.09;0.45;131;6041;6261;220;1
96;8;6;270384;48;62;4;7;1;3;75232;5;417;8980;1.95;2.21;0.26;111;2824;2813;-11;1
94;10;25;17508;12;46;4;1;1;12;107870;6;580;8754;3.83;4.31;0.48;137;3804;3868;64;1
96;9;16;181020;60;66;6;14;0;48;78955;9;590;9060;1.78;2.44;0.66;124;1655;1717;62;1
96;2;12;72408;24;58;6;13;0;31;51313;4;592;8930;3.52;4.20;0.68;108;1328;1452;124;0
94;12;20;36684;12;78;9;23;0;70;285387;7;899;10177;6.63;7.75;1.12;81;9878;10108;230;1
96;11;11;110136;24;58;2;24;0;1;1204953;1;1000;12541;0.29;0.43;0.14;167;85677;99107;13430;1
97;6;17;34572;12;76;12;30;0;1;1204953;1;1000;12541;0.29;0.43;0.14;167;85677;99107;13430;1
98;5;17;10944;36;51;7;10;1;34;125236;5;877;9675;6.43;7.68;1.25;100;5323;5190;-133;1
97;6;15;150912;36;75;9;27;0;50;102609;6;520;8187;4.83;5.45;0.62;94;2123;2134;11;1
95;2;6;43164;12;76;1;6;0;61;117897;6;538;8814;4.76;5.74;0.98;107;2112;2059;-53;1
94;5;26;76908;12;46;1;19;0;4;149893;6;674;9753;4.64;5.05;0.41;109;5244;5892;648;0
98;4;28;104964;12;66;5;11;1;6;77963;4;515;8546;2.95;4.02;1.07;126;2640;3120;480;1
98;10;8;38496;12;64;1;30;0;7;94725;6;634;9920;2.26;2.87;0.61;130;4289;4846;557;1
97;5;6;76992;24;65;10;17;1;74;323870;1;1000;10673;4.75;5.44;0.69;100;18782;18347;-435;1
94;3;31;212400;36;66;10;24;0;38;85852;4;598;8965;7.08;8.23;1.15;104;2653;2822;169;1
97;8;24;390660;60;78;6;29;0;1;1204953;1;1000;12541;0.29;0.43;0.14;167;85677;99107;13430;1
95;11;12;60156;36;76;8;8;1;16;93931;8;569;8427;1.12;1.54;0.42;107;1874;1913;39;0
97;5;22;100260;60;67;7;19;1;1;1204953;1;1000;12541;0.29;0.43;0.14;167;85677;99107;13430;1
97;7;9;294384;48;66;11;29;0;54;387570;1;1000;9897;1.60;1.96;0.36;140;18721;18696;-25;1
97;12;25;116496;24;58;10;7;1;61;117897;6;538;8814;4.76;5.74;0.98;107;2112;2059;-53;1
96;10;23;22968;36;50;7;27;0;16;93931;8;569;8427;1.12;1.54;0.42;107;1874;1913;39;1
97;9;24;127200;48;65;4;6;1;35;88768;7;805;8867;1.02;1.21;0.19;130;3384;3620;236;1
93;12;8;95400;36;71;2;10;1;5;95616;6;514;9307;3.85;4.43;0.58;118;2616;3040;424;1
98;7;12;64860;60;79;11;2;0;38;85852;4;598;8965;7.08;8.23;1.15;104;2653;2822;169;1
95;1;14;137880;60;63;3;12;1;72;226122;4;626;8994;3.80;4.79;0.99;110;9672;9208;-464;0
95;10;31;37908;12;76;5;8;0;62;145688;5;407;8544;1.29;1.86;0.57;109;2719;2906;187;1
97;3;17;17184;12;44;5;31;0;1;1204953;1;1000;12541;0.29;0.43;0.14;167;85677;99107;13430;1
97;4;30;124344;36;79;6;8;0;43;161854;6;763;9425;1.72;2.50;0.78;125;4085;3891;-194;1
97;12;21;49320;36;66;2;1;1;60;110643;4;519;8441;3.45;4.48;1.03;115;1879;2252;373;1
98;12;6;139488;24;69;9;4;1;3;75232;5;417;8980;1.95;2.21;0.26;111;2824;2813;-11;1
95;12;5;194880;48;79;12;6;1;74;323870;1;1000;10673;4.75;5.44;0.69;100;18782;18347;-435;1
94;5;26;25944;24;60;5;21;0;41;118650;3;856;9832;3.32;4.48;1.16;114;6445;5471;-974;1
97;2;12;475680;48;66;5;8;0;36;159617;9;852;9198;3.33;4.28;0.95;131;5796;6132;336;1
96;7;25;96768;36;68;1;6;0;38;85852;4;598;8965;7.08;8.23;1.15;104;2653;2822;169;1
97;6;16;288720;48;43;4;19;1;51;121947;11;705;8541;2.51;2.97;0.46;131;3496;3839;343;1
98;5;22;495180;60;79;12;25;0;69;42821;3;484;8173;7;7.01;0.00;124;1358;1358;0;1
97;11;9;63972;36;47;5;24;1;55;157042;9;339;8743;1.88;2.43;0.55;111;3659;3894;235;0
98;2;8;194160;48;45;5;10;0;57;161954;8;480;8720;3.73;4.50;0.77;116;3729;3651;-78;1
98;6;10;234336;48;71;12;3;0;1;1204953;1;1000;12541;0.29;0.43;0.14;167;85677;99107;13430;1
93;12;9;47016;12;57;12;31;0;46;112709;10;735;8369;1.79;2.31;0.52;117;2854;2618;-236;1
94;11;6;48672;36;48;5;2;0;55;157042;9;339;8743;1.88;2.43;0.55;111;3659;3894;235;1
96;9;19;74124;36;39;4;13;0;12;107870;6;580;8754;3.83;4.31;0.48;137;3804;3868;64;1
98;4;16;49488;24;41;11;12;0;71;161227;10;697;8678;5.93;5.57;-0.36;102;4980;4595;-385;1
97;11;30;203940;60;54;5;11;0;1;1204953;1;1000;12541;0.29;0.43;0.14;167;85677;99107;13430;1
98;11;17;99744;24;71;8;28;0;7;94725;6;634;9920;2.26;2.87;0.61;130;4289;4846;557;1
98;5;17;49872;12;67;2;12;0;77;148545;4;535;8909;4.01;5.56;1.55;113;3460;3590;130;1
96;8;4;155640;24;43;1;7;0;5;95616;6;514;9307;3.85;4.43;0.58;118;2616;3040;424;1
95;6;6;63360;60;55;8;14;1;49;75685;9;608;8208;1.89;2.26;0.37;155;1660;2123;463;1
98;1;15;152160;60;48;4;11;0;17;74062;7;614;8114;2.38;2.62;0.24;119;1003;1181;178;1
97;2;10;73260;60;40;7;7;0;70;285387;7;899;10177;6.63;7.75;1.12;81;9878;10108;230;1
98;3;12;49044;12;53;4;11;0;11;75637;7;365;9622;0.45;0.59;0.14;154;3475;3529;54;1
94;1;5;80952;24;45;2;4;1;1;1204953;1;1000;12541;0.29;0.43;0.14;167;85677;99107;13430;1
96;4;29;30276;12;39;4;23;0;21;103347;7;670;9104;1.51;2.07;0.56;123;2299;2354;55;0
97;12;8;30276;12;62;2;9;1;68;228848;6;572;9893;4.09;4.72;0.63;96;5623;5887;264;1
98;4;19;110736;48;40;1;30;0;19;51428;4;527;8402;3.13;3.98;0.85;120;999;1099;100;1
94;3;15;55368;24;39;12;25;0;64;197099;10;747;9624;1.60;2.31;0.71;145;4484;4265;-219;1
94;5;26;63312;48;56;5;7;0;31;51313;4;592;8930;3.52;4.20;0.68;108;1328;1452;124;1
94;3;16;91200;24;55;8;26;0;39;119895;4;899;10446;7.34;9.40;2.06;90;4947;4743;-204;1
95;1;3;288468;36;58;10;26;0;63;86513;5;505;8288;3.79;4.52;0.73;110;1562;1460;-102;1
97;10;19;590820;60;67;8;22;1;54;387570;1;1000;9897;1.60;1.96;0.36;140;18721;18696;-25;1
95;11;2;41952;12;72;12;10;1;43;161854;6;763;9425;1.72;2.50;0.78;125;4085;3891;-194;1
98;7;11;12792;12;73;7;19;0;56;124605;8;460;8772;4.69;4.98;0.29;126;2854;3158;304;1
95;12;31;309600;48;75;6;26;1;72;226122;4;626;8994;3.80;4.79;0.99;110;9672;9208;-464;1
97;8;17;153504;48;75;12;20;1;59;108871;6;621;8444;3.24;3.47;0.23;106;2595;2305;-290;1
97;12;11;130464;48;74;3;22;1;16;93931;8;569;8427;1.12;1.54;0.42;107;1874;1913;39;1
95;12;12;191880;60;49;3;8;1;21;103347;7;670;9104;1.51;2.07;0.56;123;2299;2354;55;1
95;3;27;31728;24;50;4;10;1;1;1204953;1;1000;12541;0.29;0.43;0.14;167;85677;99107;13430;1
96;5;18;320592;48;70;11;9;0;62;145688;5;407;8544;1.29;1.86;0.57;109;2719;2906;187;1
98;1;8;170448;48;43;10;11;0;68;228848;6;572;9893;4.09;4.72;0.63;96;5623;5887;264;1
98;1;26;42384;12;41;12;7;0;40;128118;8;853;9317;6.49;7.07;0.58;97;6949;6872;-77;1
97;1;29;390096;48;78;9;26;1;46;112709;10;735;8369;1.79;2.31;0.52;117;2854;2618;-236;1
97;3;21;94488;24;58;8;21;1;1;1204953;1;1000;12541;0.29;0.43;0.14;167;85677;99107;13430;1
98;2;25;220440;60;55;11;2;0;50;102609;6;520;8187;4.83;5.45;0.62;94;2123;2134;11;1
98;5;28;45456;12;47;5;15;0;13;53921;2;413;8598;2.77;3.26;0.49;123;1597;1875;278;1
98;5;12;140064;24;50;7;18;0;19;51428;4;527;8402;3.13;3.98;0.85;120;999;1099;100;1
97;12;20;77544;36;42;4;14;0;2;88884;5;467;8507;1.67;1.85;0.18;132;2159;2674;515;1
94;3;11;51696;24;68;1;28;0;74;323870;1;1000;10673;4.75;5.44;0.69;100;18782;18347;-435;1
95;12;11;27984;12;49;2;16;1;52;139012;10;619;8363;2.52;3.49;0.97;108;2564;2799;235;1
94;5;22;196080;48;58;5;27;1;23;87419;9;855;8624;1.79;2.66;0.87;102;2879;3198;319;1
96;10;29;372120;60;45;1;26;1;64;197099;10;747;9624;1.60;2.31;0.71;145;4484;4265;-219;1
96;1;1;189696;24;45;9;24;1;19;51428;4;527;8402;3.13;3.98;0.85;120;999;1099;100;1
95;2;2;20832;48;48;5;4;1;38;85852;4;598;8965;7.08;8.23;1.15;104;2653;2822;169;1
94;9;28;189696;24;70;2;19;0;60;110643;4;519;8441;3.45;4.48;1.03;115;1879;2252;373;0
94;6;25;91584;24;51;11;16;0;33;133777;11;847;8705;5.75;7.61;1.86;116;4650;4859;209;1
95;1;18;68112;12;77;11;30;0;35;88768;7;805;8867;1.02;1.21;0.19;130;3384;3620;236;1
96;11;19;72120;12;52;11;10;0;52;139012;10;619;8363;2.52;3.49;0.97;108;2564;2799;235;1
95;10;8;21852;36;54;12;5;1;34;125236;5;877;9675;6.43;7.68;1.25;100;5323;5190;-133;1
97;10;14;79344;48;51;6;5;0;23;87419;9;855;8624;1.79;2.66;0.87;102;2879;3198;319;1
97;10;21;153144;36;69;2;17;1;27;67298;7;438;8561;0.65;1.29;0.64;110;1029;1127;98;1
97;8;31;97392;12;60;6;23;1;70;285387;7;899;10177;6.63;7.75;1.12;81;9878;10108;230;1
96;9;22;84120;24;50;3;2;0;69;42821;3;484;8173;7;7.01;0.00;124;1358;1358;0;1
97;6;14;42900;12;64;9;21;1;51;121947;11;705;8541;2.51;2.97;0.46;131;3496;3839;343;1
94;9;30;71460;12;45;8;3;1;55;157042;9;339;8743;1.88;2.43;0.55;111;3659;3894;235;1
97;9;7;473280;60;67;7;1;0;54;387570;1;1000;9897;1.60;1.96;0.36;140;18721;18696;-25;0
98;4;23;144960;48;67;3;17;0;9;81344;6;553;8899;3.39;3.97;0.58;149;2987;2487;-500;1
98;2;5;160656;24;70;12;10;0;10;92084;5;467;10124;0.56;0.54;-0.02;141;3810;4316;506;1
97;9;9;128268;36;42;12;8;1;36;159617;9;852;9198;3.33;4.28;0.95;131;5796;6132;336;1
94;6;5;77640;12;67;7;10;1;27;67298;7;438;8561;0.65;1.29;0.64;110;1029;1127;98;1
98;1;18;35856;24;67;7;19;0;47;162580;6;728;9538;1.51;1.81;0.30;111;6079;5410;-669;1
96;10;20;93600;24;72;6;23;1;9;81344;6;553;8899;3.39;3.97;0.58;149;2987;2487;-500;1
94;11;6;140400;36;41;10;15;1;74;323870;1;1000;10673;4.75;5.44;0.69;100;18782;18347;-435;1
94;6;1;208320;48;68;4;14;0;31;51313;4;592;8930;3.52;4.20;0.68;108;1328;1452;124;1
94;2;17;49320;12;45;10;3;0;24;122603;8;800;8991;1.39;2.01;0.62;128;5198;5273;75;0
97;10;17;260400;60;50;6;19;0;73;182027;7;564;8746;3.33;3.74;0.41;90;4355;4433;78;0
96;2;20;56100;60;58;7;7;1;54;387570;1;1000;9897;1.60;1.96;0.36;140;18721;18696;-25;1
97;5;9;220428;36;62;6;7;1;67;106054;6;631;8110;5.77;6.55;0.78;109;3244;3079;-165;1
97;8;15;99300;60;73;3;20;0;59;108871;6;621;8444;3.24;3.47;0.23;106;2595;2305;-290;1
96;7;15;155880;24;68;10;30;0;37;114006;9;623;9065;4.46;5.39;0.93;123;4147;4166;19;1
94;7;30;74736;36;65;10;29;1;45;77917;5;535;8390;2.28;2.89;0.61;132;2080;2122;42;1
97;11;1;238716;36;64;7;1;1;48;78955;9;590;9060;1.78;2.44;0.66;124;1655;1717;62;1
95;6;13;29784;24;69;12;25;0;26;170449;1;1000;10787;2.64;3.09;0.45;131;6041;6261;220;1
97;8;12;97980;60;80;3;14;0;29;45714;6;556;8843;2.82;3.60;0.78;113;818;888;70;1
94;5;20;80340;12;76;2;6;0;1;1204953;1;1000;12541;0.29;0.43;0.14;167;85677;99107;13430;1
98;3;30;36204;12;38;1;6;1;50;102609;6;520;8187;4.83;5.45;0.62;94;2123;2134;11;0
94;8;25;224604;36;76;5;24;1;31;51313;4;592;8930;3.52;4.20;0.68;108;1328;1452;124;1
93;9;13;87840;24;80;2;16;0;13;53921;2;413;8598;2.77;3.26;0.49;123;1597;1875;278;1
97;9;26;8616;24;75;10;27;1;59;108871;6;621;8444;3.24;3.47;0.23;106;2595;2305;-290;1
95;3;19;134784;24;40;5;11;0;70;285387;7;899;10177;6.63;7.75;1.12;81;9878;10108;230;1
97;6;4;309660;60;58;9;27;0;51;121947;11;705;8541;2.51;2.97;0.46;131;3496;3839;343;1
94;5;9;89040;60;70;1;25;0;77;148545;4;535;8909;4.01;5.56;1.55;113;3460;3590;130;1
96;3;10;247728;48;79;6;19;1;1;1204953;1;1000;12541;0.29;0.43;0.14;167;85677;99107;13430;1
94;3;30;7656;24;62;9;3;0;48;78955;9;590;9060;1.78;2.44;0.66;124;1655;1717;62;1
95;6;1;417060;60;61;9;14;0;29;45714;6;556;8843;2.82;3.60;0.78;113;818;888;70;1
97;7;25;333648;48;76;7;10;0;14;177686;9;748;10045;1.42;1.71;0.29;135;6604;6295;-309;0
95;10;14;266220;60;65;2;17;0;20;70646;4;584;8547;2.65;3.64;0.99;120;1563;1542;-21;1
96;5;6;220620;60;43;8;15;0;20;70646;4;584;8547;2.65;3.64;0.99;120;1563;1542;-21;1
94;1;21;21072;24;64;8;9;0;17;74062;7;614;8114;2.38;2.62;0.24;119;1003;1181;178;1
95;6;23;265320;36;48;8;28;0;51;121947;11;705;8541;2.51;2.97;0.46;131;3496;3839;343;1
95;9;3;85860;60;55;10;20;0;2;88884;5;467;8507;1.67;1.85;0.18;132;2159;2674;515;1
97;12;10;42840;12;37;11;11;1;70;285387;7;899;10177;6.63;7.75;1.12;81;9878;10108;230;1
94;8;11;74688;12;45;1;26;0;23;87419;9;855;8624;1.79;2.66;0.87;102;2879;3198;319;1
98;2;15;93036;12;80;9;12;0;54;387570;1;1000;9897;1.60;1.96;0.36;140;18721;18696;-25;1
96;9;19;174048;48;52;2;16;0;47;162580;6;728;9538;1.51;1.81;0.30;111;6079;5410;-669;1
96;5;30;173016;36;45;2;23;0;14;177686;9;748;10045;1.42;1.71;0.29;135;6604;6295;-309;1
94;6;14;288360;60;35;12;15;1;1;1204953;1;1000;12541;0.29;0.43;0.14;167;85677;99107;13430;1
95;3;11;76680;24;49;1;7;1;68;228848;6;572;9893;4.09;4.72;0.63;96;5623;5887;264;1
94;9;29;230220;36;42;11;9;0;74;323870;1;1000;10673;4.75;5.44;0.69;100;18782;18347;-435;0
95;4;10;47304;24;71;8;3;1;64;197099;10;747;9624;1.60;2.31;0.71;145;4484;4265;-219;1
98;6;6;185640;60;62;7;16;0;46;112709;10;735;8369;1.79;2.31;0.52;117;2854;2618;-236;1
98;12;8;240900;60;49;8;25;0;60;110643;4;519;8441;3.45;4.48;1.03;115;1879;2252;373;1
96;7;14;85716;36;38;5;3;1;17;74062;7;614;8114;2.38;2.62;0.24;119;1003;1181;178;1
97;3;20;67980;12;46;3;31;0;66;125832;5;483;8512;3.51;4.12;0.61;102;2247;2103;-144;1
98;7;24;170700;60;71;8;4;1;53;107911;7;509;8240;2.53;3.56;1.03;99;1850;1903;53;1
97;7;29;33144;12;80;1;27;0;70;285387;7;899;10177;6.63;7.75;1.12;81;9878;10108;230;1
97;6;19;88272;48;79;5;13;0;1;1204953;1;1000;12541;0.29;0.43;0.14;167;85677;99107;13430;1
95;8;26;33984;48;72;8;4;1;64;197099;10;747;9624;1.60;2.31;0.71;145;4484;4265;-219;1
98;4;28;74352;24;57;11;23;0;1;1204953;1;1000;12541;0.29;0.43;0.14;167;85677;99107;13430;1
95;12;25;125340;60;44;6;15;1;1;1204953;1;1000;12541;0.29;0.43;0.14;167;85677;99107;13430;1
98;6;8;76104;24;61;10;3;0;62;145688;5;407;8544;1.29;1.86;0.57;109;2719;2906;187;1
98;1;23;566640;60;72;2;6;0;1;1204953;1;1000;12541;0.29;0.43;0.14;167;85677;99107;13430;1
97;1;30;186300;60;47;11;16;1;63;86513;5;505;8288;3.79;4.52;0.73;110;1562;1460;-102;1
96;12;21;45024;48;57;5;4;0;70;285387;7;899;10177;6.63;7.75;1.12;81;9878;10108;230;1
94;10;12;227880;36;55;11;4;0;64;197099;10;747;9624;1.60;2.31;0.71;145;4484;4265;-219;1
96;6;8;186384;48;59;1;29;1;40;128118;8;853;9317;6.49;7.07;0.58;97;6949;6872;-77;1
96;3;26;100224;48;57;2;1;0;70;285387;7;899;10177;6.63;7.75;1.12;81;9878;10108;230;0
96;10;4;70656;48;52;7;26;1;1;1204953;1;1000;12541;0.29;0.43;0.14;167;85677;99107;13430;1
96;12;12;155616;48;71;4;10;0;72;226122;4;626;8994;3.80;4.79;0.99;110;9672;9208;-464;1
97;5;3;50112;24;48;1;29;1;47;162580;6;728;9538;1.51;1.81;0.30;111;6079;5410;-669;1
93;12;16;38148;12;65;1;22;0;1;1204953;1;1000;12541;0.29;0.43;0.14;167;85677;99107;13430;1
98;9;15;321936;48;61;4;8;0;1;1204953;1;1000;12541;0.29;0.43;0.14;167;85677;99107;13430;1
97;2;26;71976;24;65;7;14;1;43;161854;6;763;9425;1.72;2.50;0.78;125;4085;3891;-194;0
94;8;3;189300;60;53;12;5;1;58;109164;4;636;8757;3.38;3.95;0.57;96;2212;2471;259;1
94;8;7;172080;48;57;3;5;0;10;92084;5;467;10124;0.56;0.54;-0.02;141;3810;4316;506;1
97;6;3;272220;60;46;9;23;0;26;170449;1;1000;10787;2.64;3.09;0.45;131;6041;6261;220;0
98;11;10;16032;48;65;12;8;0;32;105058;10;810;9272;2.80;3.22;0.42;118;4340;4505;165;1
98;3;1;52236;36;38;9;25;1;9;81344;6;553;8899;3.39;3.97;0.58;149;2987;2487;-500;1
98;12;1;163332;36;37;12;8;1;18;70699;4;653;8968;2.83;3.35;0.52;131;1740;1910;170;1
98;6;8;69600;48;69;4;14;1;64;197099;10;747;9624;1.60;2.31;0.71;145;4484;4265;-219;1
98;3;7;272220;60;40;11;27;0;56;124605;8;460;8772;4.69;4.98;0.29;126;2854;3158;304;1
98;2;28;215040;60;60;10;20;0;28;72541;8;369;8594;1.62;2.01;0.39;112;1580;1525;-55;1
93;7;28;127080;60;36;6;2;1;45;77917;5;535;8390;2.28;2.89;0.61;132;2080;2122;42;1
96;9;11;29448;12;47;10;21;1;72;226122;4;626;8994;3.80;4.79;0.99;110;9672;9208;-464;0
98;2;5;122472;24;61;1;31;0;69;42821;3;484;8173;7;7.01;0.00;124;1358;1358;0;1
98;10;12;82128;24;69;4;3;1;29;45714;6;556;8843;2.82;3.60;0.78;113;818;888;70;1
97;4;13;164256;48;72;8;20;1;11;75637;7;365;9622;0.45;0.59;0.14;154;3475;3529;54;1
98;4;29;191580;60;66;1;11;0;51;121947;11;705;8541;2.51;2.97;0.46;131;3496;3839;343;1
97;3;13;83280;48;41;11;4;0;37;114006;9;623;9065;4.46;5.39;0.93;123;4147;4166;19;1
93;12;21;86616;12;61;9;28;1;11;75637;7;365;9622;0.45;0.59;0.14;154;3475;3529;54;1
97;6;19;285240;60;52;5;28;1;74;323870;1;1000;10673;4.75;5.44;0.69;100;18782;18347;-435;1
97;1;24;23184;12;79;7;26;0;57;161954;8;480;8720;3.73;4.50;0.77;116;3729;3651;-78;1
97;5;8;39576;12;64;7;29;0;68;228848;6;572;9893;4.09;4.72;0.63;96;5623;5887;264;1
94;7;11;39576;12;80;5;2;0;32;105058;10;810;9272;2.80;3.22;0.42;118;4340;4505;165;1
94;9;19;41904;12;74;7;8;1;70;285387;7;899;10177;6.63;7.75;1.12;81;9878;10108;230;1
94;6;4;52128;24;59;7;17;0;11;75637;7;365;9622;0.45;0.59;0.14;154;3475;3529;54;1
97;6;8;188616;24;38;11;9;1;59;108871;6;621;8444;3.24;3.47;0.23;106;2595;2305;-290;1
97;4;29;99936;24;66;1;22;0;1;1204953;1;1000;12541;0.29;0.43;0.14;167;85677;99107;13430;1
94;8;5;120888;36;44;4;20;0;1;1204953;1;1000;12541;0.29;0.43;0.14;167;85677;99107;13430;1
96;10;29;86184;12;40;12;4;0;70;285387;7;899;10177;6.63;7.75;1.12;81;9878;10108;230;1
97;8;26;83628;36;77;9;23;0;54;387570;1;1000;9897;1.60;1.96;0.36;140;18721;18696;-25;1
98;10;5;44640;24;57;2;11;1;59;108871;6;621;8444;3.24;3.47;0.23;106;2595;2305;-290;1
98;2;7;374760;60;51;6;12;1;73;182027;7;564;8746;3.33;3.74;0.41;90;4355;4433;78;1
95;5;8;36396;12;72;4;3;1;76;127369;7;512;8369;4.73;5.88;1.15;107;3736;2807;-929;1
98;6;25;225504;48;80;1;28;1;7;94725;6;634;9920;2.26;2.87;0.61;130;4289;4846;557;1
95;9;9;188688;48;65;7;23;0;64;197099;10;747;9624;1.60;2.31;0.71;145;4484;4265;-219;1
97;2;9;116832;12;48;10;18;0;21;103347;7;670;9104;1.51;2.07;0.56;123;2299;2354;55;1
97;3;10;341280;60;49;4;14;1;9;81344;6;553;8899;3.39;3.97;0.58;149;2987;2487;-500;1
96;11;22;228276;36;61;8;3;1;1;1204953;1;1000;12541;0.29;0.43;0.14;167;85677;99107;13430;1
97;7;16;18324;12;51;4;11;0;59;108871;6;621;8444;3.24;3.47;0.23;106;2595;2305;-290;1
96;11;15;46176;48;66;11;3;1;62;145688;5;407;8544;1.29;1.86;0.57;109;2719;2906;187;1
98;3;15;157068;36;71;9;12;0;1;1204953;1;1000;12541;0.29;0.43;0.14;167;85677;99107;13430;1
95;12;12;104712;24;70;10;7;0;31;51313;4;592;8930;3.52;4.20;0.68;108;1328;1452;124;1
95;4;11;104712;24;44;12;12;1;74;323870;1;1000;10673;4.75;5.44;0.69;100;18782;18347;-435;1
95;11;22;244368;48;70;4;2;1;65;114200;4;437;8403;5.74;5.72;-0.02;105;2157;2718;561;1
97;11;9;59448;24;57;12;1;1;11;75637;7;365;9622;0.45;0.59;0.14;154;3475;3529;54;1
97;6;30;59448;24;52;8;26;1;70;285387;7;899;10177;6.63;7.75;1.12;81;9878;10108;230;0
95;1;11;76416;24;37;9;2;1;1;1204953;1;1000;12541;0.29;0.43;0.14;167;85677;99107;13430;1
96;6;6;176148;36;63;11;20;0;38;85852;4;598;8965;7.08;8.23;1.15;104;2653;2822;169;1
98;4;2;279072;48;69;1;19;1;1;1204953;1;1000;12541;0.29;0.43;0.14;167;85677;99107;13430;1
95;6;13;139536;24;41;9;13;0;61;117897;6;538;8814;4.76;5.74;0.98;107;2112;2059;-53;1
98;9;12;88200;36;44;12;3;1;76;127369;7;512;8369;4.73;5.88;1.15;107;3736;2807;-929;1
97;6;17;31620;60;39;10;24;1;8;112065;8;694;11277;1.25;1.44;0.19;127;5179;4987;-192;1
97;8;15;116040;60;39;10;27;0;54;387570;1;1000;9897;1.60;1.96;0.36;140;18721;18696;-25;1
95;11;22;113796;36;71;10;9;1;54;387570;1;1000;9897;1.60;1.96;0.36;140;18721;18696;-25;1
95;2;11;151728;48;76;6;23;1;74;323870;1;1000;10673;4.75;5.44;0.69;100;18782;18347;-435;0
96;7;27;133968;48;43;5;30;1;52;139012;10;619;8363;2.52;3.49;0.97;108;2564;2799;235;1
96;9;26;96168;12;72;8;12;0;64;197099;10;747;9624;1.60;2.31;0.71;145;4484;4265;-219;1
95;4;13;126600;24;39;2;27;1;47;162580;6;728;9538;1.51;1.81;0.30;111;6079;5410;-669;1
94;5;21;97632;12;68;9;7;0;21;103347;7;670;9104;1.51;2.07;0.56;123;2299;2354;55;1
97;8;10;300600;60;64;6;26;0;27;67298;7;438;8561;0.65;1.29;0.64;110;1029;1127;98;1
95;3;15;331560;60;80;11;23;1;2;88884;5;467;8507;1.67;1.85;0.18;132;2159;2674;515;1
95;9;22;36168;12;61;8;19;1;1;1204953;1;1000;12541;0.29;0.43;0.14;167;85677;99107;13430;1
96;8;2;89340;60;71;11;12;0;60;110643;4;519;8441;3.45;4.48;1.03;115;1879;2252;373;1
96;7;11;19044;36;74;4;5;0;24;122603;8;800;8991;1.39;2.01;0.62;128;5198;5273;75;1
98;7;29;210744;36;78;11;29;1;64;197099;10;747;9624;1.60;2.31;0.71;145;4484;4265;-219;1
96;9;25;194940;36;64;10;30;1;8;112065;8;694;11277;1.25;1.44;0.19;127;5179;4987;-192;1
98;1;3;218064;48;44;4;8;0;1;1204953;1;1000;12541;0.29;0.43;0.14;167;85677;99107;13430;1
97;3;28;91632;12;43;7;5;1;17;74062;7;614;8114;2.38;2.62;0.24;119;1003;1181;178;1
97;6;24;233424;36;59;2;17;1;4;149893;6;674;9753;4.64;5.05;0.41;109;5244;5892;648;1
97;9;23;311232;48;46;8;27;0;76;127369;7;512;8369;4.73;5.88;1.15;107;3736;2807;-929;1
97;7;28;77808;12;55;11;29;1;1;1204953;1;1000;12541;0.29;0.43;0.14;167;85677;99107;13430;1
94;4;6;167100;60;70;1;17;0;62;145688;5;407;8544;1.29;1.86;0.57;109;2719;2906;187;1
95;10;20;231696;36;73;5;30;1;1;1204953;1;1000;12541;0.29;0.43;0.14;167;85677;99107;13430;1
94;8;27;121896;24;65;3;7;1;55;157042;9;339;8743;1.88;2.43;0.55;111;3659;3894;235;1
94;5;2;215388;36;59;12;17;1;39;119895;4;899;10446;7.34;9.40;2.06;90;4947;4743;-204;0
98;1;11;136368;24;69;7;4;1;22;58400;6;524;8620;1.10;1.25;0.15;100;1089;1117;28;1
98;1;27;22104;12;65;4;10;0;34;125236;5;877;9675;6.43;7.68;1.25;100;5323;5190;-133;1
97;6;19;305424;48;63;10;13;0;70;285387;7;899;10177;6.63;7.75;1.12;81;9878;10108;230;1
97;2;20;44304;24;66;6;20;1;38;85852;4;598;8965;7.08;8.23;1.15;104;2653;2822;169;1
97;5;3;239160;60;47;1;30;1;27;67298;7;438;8561;0.65;1.29;0.64;110;1029;1127;98;1
98;9;22;113436;36;56;1;1;1;44;105606;7;530;8254;2.79;3.76;0.97;97;2166;2325;159;1
98;9;2;37812;12;65;1;26;0;27;67298;7;438;8561;0.65;1.29;0.64;110;1029;1127;98;1
93;12;23;75624;24;58;12;7;1;54;387570;1;1000;9897;1.60;1.96;0.36;140;18721;18696;-25;0
97;12;31;348120;60;62;7;20;0;69;42821;3;484;8173;7;7.01;0.00;124;1358;1358;0;1
96;11;18;421008;48;53;6;1;1;14;177686;9;748;10045;1.42;1.71;0.29;135;6604;6295;-309;1
93;12;13;259740;60;79;3;16;1;68;228848;6;572;9893;4.09;4.72;0.63;96;5623;5887;264;1
98;1;21;31260;12;68;3;21;1;36;159617;9;852;9198;3.33;4.28;0.95;131;5796;6132;336;1
97;3;4;88704;48;60;10;29;0;23;87419;9;855;8624;1.79;2.66;0.87;102;2879;3198;319;1
97;6;2;86880;12;40;5;25;0;21;103347;7;670;9104;1.51;2.07;0.56;123;2299;2354;55;1
93;11;10;21924;36;60;8;20;1;55;157042;9;339;8743;1.88;2.43;0.55;111;3659;3894;235;1
97;1;4;260640;36;49;1;21;0;22;58400;6;524;8620;1.10;1.25;0.15;100;1089;1117;28;0
98;3;1;194280;60;69;8;12;1;1;1204953;1;1000;12541;0.29;0.43;0.14;167;85677;99107;13430;1
96;12;11;123408;24;64;10;14;1;39;119895;4;899;10446;7.34;9.40;2.06;90;4947;4743;-204;1
96;9;28;54396;36;39;7;27;1;60;110643;4;519;8441;3.45;4.48;1.03;115;1879;2252;373;1
94;6;3;151560;24;53;5;5;1;66;125832;5;483;8512;3.51;4.12;0.61;102;2247;2103;-144;1
95;7;3;60000;60;46;10;15;1;45;77917;5;535;8390;2.28;2.89;0.61;132;2080;2122;42;1
98;1;22;23412;12;55;8;26;1;72;226122;4;626;8994;3.80;4.79;0.99;110;9672;9208;-464;1
94;12;19;482940;60;76;5;21;0;1;1204953;1;1000;12541;0.29;0.43;0.14;167;85677;99107;13430;0
98;1;2;267600;48;58;1;20;0;70;285387;7;899;10177;6.63;7.75;1.12;81;9878;10108;230;1
98;2;18;133800;24;41;3;12;1;12;107870;6;580;8754;3.83;4.31;0.48;137;3804;3868;64;1
96;12;5;417600;60;70;10;12;1;55;157042;9;339;8743;1.88;2.43;0.55;111;3659;3894;235;1
98;8;15;249792;48;65;1;13;1;55;157042;9;339;8743;1.88;2.43;0.55;111;3659;3894;235;1
95;6;24;198240;24;56;2;18;1;41;118650;3;856;9832;3.32;4.48;1.16;114;6445;5471;-974;1
98;6;18;269964;36;79;2;14;0;16;93931;8;569;8427;1.12;1.54;0.42;107;1874;1913;39;1
98;7;5;208332;36;80;4;18;0;2;88884;5;467;8507;1.67;1.85;0.18;132;2159;2674;515;1
98;2;24;196224;48;50;3;16;1;76;127369;7;512;8369;4.73;5.88;1.15;107;3736;2807;-929;1
98;5;7;45720;12;78;12;15;0;1;1204953;1;1000;12541;0.29;0.43;0.14;167;85677;99107;13430;1
95;10;28;260028;36;76;11;25;1;11;75637;7;365;9622;0.45;0.59;0.14;154;3475;3529;54;1
97;10;2;197808;24;62;11;3;0;1;1204953;1;1000;12541;0.29;0.43;0.14;167;85677;99107;13430;1
97;12;24;24180;60;38;10;19;1;36;159617;9;852;9198;3.33;4.28;0.95;131;5796;6132;336;1
96;3;21;154656;48;56;11;28;1;71;161227;10;697;8678;5.93;5.57;-0.36;102;4980;4595;-385;1
94;12;21;115992;36;37;5;17;1;31;51313;4;592;8930;3.52;4.20;0.68;108;1328;1452;124;1
96;9;17;68832;36;59;7;1;1;1;1204953;1;1000;12541;0.29;0.43;0.14;167;85677;99107;13430;1
98;4;23;339168;48;42;1;13;0;46;112709;10;735;8369;1.79;2.31;0.52;117;2854;2618;-236;1
94;8;23;45768;12;77;5;27;0;72;226122;4;626;8994;3.80;4.79;0.99;110;9672;9208;-464;1
97;12;9;45768;12;44;8;1;1;75;138032;5;646;8819;5.38;5.66;0.28;99;4063;4505;442;1
98;7;11;31140;60;77;1;20;1;76;127369;7;512;8369;4.73;5.88;1.15;107;3736;2807;-929;1
97;3;7;67464;12;35;12;25;1;34;125236;5;877;9675;6.43;7.68;1.25;100;5323;5190;-133;1
98;5;29;140688;48;41;6;23;1;16;93931;8;569;8427;1.12;1.54;0.42;107;1874;1913;39;1
97;11;30;385560;60;56;4;15;1;50;102609;6;520;8187;4.83;5.45;0.62;94;2123;2134;11;0
96;2;13;113544;36;42;9;18;1;65;114200;4;437;8403;5.74;5.72;-0.02;105;2157;2718;561;1
97;8;23;57120;48;58;8;13;1;32;105058;10;810;9272;2.80;3.22;0.42;118;4340;4505;165;1
94;7;28;131292;36;54;3;20;1;1;1204953;1;1000;12541;0.29;0.43;0.14;167;85677;99107;13430;1
98;6;11;152460;60;51;11;17;0;25;88757;10;617;8554;2.47;2.68;0.21;113;1822;2218;396;1
94;2;23;197748;36;70;5;5;0;13;53921;2;413;8598;2.77;3.26;0.49;123;1597;1875;278;1
95;10;2;314520;60;55;11;18;0;44;105606;7;530;8254;2.79;3.76;0.97;97;2166;2325;159;1
97;4;2;18720;60;60;10;31;1;25;88757;10;617;8554;2.47;2.68;0.21;113;1822;2218;396;1
96;12;25;115812;36;53;6;1;1;16;93931;8;569;8427;1.12;1.54;0.42;107;1874;1913;39;1
93;10;13;154416;48;69;5;25;0;18;70699;4;653;8968;2.83;3.35;0.52;131;1740;1910;170;1
93;9;6;274740;60;78;9;7;1;63;86513;5;505;8288;3.79;4.52;0.73;110;1562;1460;-102;1
95;3;4;168984;24;76;3;18;1;1;1204953;1;1000;12541;0.29;0.43;0.14;167;85677;99107;13430;0
97;10;23;48096;24;58;7;19;1;32;105058;10;810;9272;2.80;3.22;0.42;118;4340;4505;165;1
95;12;4;217152;36;74;7;7;1;72;226122;4;626;8994;3.80;4.79;0.99;110;9672;9208;-464;1
96;8;20;148920;60;77;8;3;1;59;108871;6;621;8444;3.24;3.47;0.23;106;2595;2305;-290;1
94;6;12;69360;48;41;7;28;1;46;112709;10;735;8369;1.79;2.31;0.52;117;2854;2618;-236;1
97;3;4;119136;48;63;5;15;0;37;114006;9;623;9065;4.46;5.39;0.93;123;4147;4166;19;1
97;4;26;98304;12;70;7;26;1;16;93931;8;569;8427;1.12;1.54;0.42;107;1874;1913;39;1
97;6;9;213300;60;55;6;9;0;28;72541;8;369;8594;1.62;2.01;0.39;112;1580;1525;-55;1
94;1;31;108144;36;63;5;12;0;59;108871;6;621;8444;3.24;3.47;0.23;106;2595;2305;-290;1
94;3;1;182628;36;59;5;23;1;75;138032;5;646;8819;5.38;5.66;0.28;99;4063;4505;442;1
96;1;19;89880;24;63;5;16;1;70;285387;7;899;10177;6.63;7.75;1.12;81;9878;10108;230;1
97;10;7;44940;12;76;1;20;0;1;1204953;1;1000;12541;0.29;0.43;0.14;167;85677;99107;13430;1
96;10;2;392460;60;80;11;13;0;12;107870;6;580;8754;3.83;4.31;0.48;137;3804;3868;64;1
97;10;24;89280;12;47;11;14;1;1;1204953;1;1000;12541;0.29;0.43;0.14;167;85677;99107;13430;1
97;12;11;155760;24;48;7;31;0;33;133777;11;847;8705;5.75;7.61;1.86;116;4650;4859;209;1
93;9;15;52788;12;73;2;16;1;15;58796;5;519;9045;3.13;3.60;0.47;124;1845;1879;34;1
97;1;31;67320;36;72;1;26;1;5;95616;6;514;9307;3.85;4.43;0.58;118;2616;3040;424;1
98;11;22;317460;60;75;11;20;1;50;102609;6;520;8187;4.83;5.45;0.62;94;2123;2134;11;1
98;9;27;39168;24;79;2;22;0;7;94725;6;634;9920;2.26;2.87;0.61;130;4289;4846;557;1
98;7;18;280440;60;52;9;9;0;54;387570;1;1000;9897;1.60;1.96;0.36;140;18721;18696;-25;1
95;10;29;419880;60;45;10;30;0;1;1204953;1;1000;12541;0.29;0.43;0.14;167;85677;99107;13430;1
96;8;6;54024;12;68;4;13;1;61;117897;6;538;8814;4.76;5.74;0.98;107;2112;2059;-53;1
96;12;27;129408;24;62;10;19;0;67;106054;6;631;8110;5.77;6.55;0.78;109;3244;3079;-165;1
